단어1,단어2,동시출현빈도
공간,의미,1244
공간,구성,1238
공간,표현,1159
공간,과정,1155
공연,작품,4497
공연,무대,4221
공연,예술,3732
공연,관객,3385
공연,무용,3354
공연,한국,3221
공연,안무,3134
공연,다양,3132
공연,무용수,2978
공연,시작,2961
공연,안무가,2881
공연,음악,2714
공연,극장,2661
공연,구성,2645
공연,움직임,2582
공연,창작,2581
공연,활동,2472
공연,세계,2466
공연,말,2428
공연,의미,2399
공연,사람,2370
공연,자신,2363
공연,표현,2335
공연,문화,2275
공연,몸,2177
공연,전통,2131
공연,과정,2120
공연,참여,2093
공연,모습,2092
공연,이야기,2052
공연,작업,2049
공연,대표,1998
공연,공간,1979
공연,이상,1954
공연,프로그램,1898
공연,주제,1886
공연,단체,1838
공연,예술_감독,1824
공연,중심,1799
공연,사회,1792
공연,현대,1770
공연,삶,1746
공연,기획,1732
공연,기대,1707
공연,중요,1677
공연,인간,1651
공연,영상,1647
공연,시대,1642
공연,무용단,1630
공연,발레,1627
공연,예술가,1627
공연,예정,1625
공연,방식,1619
공연,경험,1607
공연,장르,1606
공연,역할,1603
공연,무용가,1596
공연,변화,1565
공연,연출,1556
공연,서울,1554
공연,선정,1553
공연,부분,1548
공연,장면,1517
공연,상황,1517
공연,소개,1514
공연,내용,1503
공연,존재,1494
공연,제작,1482
공연,국내,1469
공연,시도,1453
공연,기회,1448
공연,출연,1444
공연,현대_무용,1439
공연,동작,1436
공연,관심,1433
공연,관계,1427
공연,개인,1418
공연,축제,1409
공연,조명,1404
공연,지원,1401
공연,역사,1398
공연,등장,1393
공연,주목,1384
공연,마음,1376
공연,발전,1374
공연,전체,1361
공연,준비,1348
공연,현실,1327
공연,활용,1325
공연,해석,1324
공연,문제,1318
공연,힘,1317
공연,소리,1300
공연,관람,1296
공연,자연,1291
공연,해외,1284
공연,대상,1282
공연,이해,1281
공연,지역,1281
공연,자유,1276
공연,감각,1276
공연,초청,1270
공연,시각,1254
공연,형식,1251
공연,마련,1246
공연,현장,1240
공연,이미지,1227
공연,동시,1227
공연,댄스,1224
공연,확장,1224
공연,의상,1222
공연,지속,1220
공연,인,1217
공연,노력,1212
공연,이유,1212
공연,눈,1211
공연,집중,1211
공연,흐름,1200
공연,프로젝트,1200
공연,국제,1197
공연,발표,1190
공연,형태,1187
공연,행사,1179
공연,사랑,1176
공연,여성,1173
공연,대중,1166
공연,제공,1162
공연,초연,1160
공연,연결,1157
공연,방법,1155
공연,이름,1154
공연,개최,1148
공연,운영,1127
공연,신작,1127
공연,감정,1124
과정,모습,1146
관객,다양,2272
관객,시작,2223
관객,안무가,2166
관객,움직임,2067
관객,음악,1998
관객,극장,1945
관객,구성,1910
관객,말,1856
관객,자신,1839
관객,의미,1819
관객,세계,1810
관객,사람,1808
관객,표현,1789
관객,몸,1744
관객,창작,1679
관객,모습,1642
관객,이야기,1631
관객,작업,1602
관객,활동,1601
관객,공간,1577
관객,과정,1576
관객,문화,1437
관객,주제,1428
관객,참여,1414
관객,전통,1410
관객,이상,1394
관객,대표,1376
관객,기대,1348
관객,현대,1330
관객,중심,1327
관객,삶,1321
관객,인간,1318
관객,예술_감독,1294
관객,장면,1294
관객,방식,1286
관객,프로그램,1277
관객,경험,1276
관객,중요,1264
관객,사회,1240
관객,부분,1239
관객,역할,1235
관객,연출,1233
관객,장르,1215
관객,존재,1215
관객,변화,1208
관객,상황,1200
관객,단체,1196
관객,발레,1187
관객,영상,1177
관객,동작,1177
관객,시도,1171
관객,시대,1149
관객,등장,1138
관객,기획,1138
관객,예술가,1129
관객,무용단,1128
관객,관계,1116
구성,의미,1482
구성,표현,1480
구성,과정,1330
구성,모습,1313
구성,주제,1185
구성,이야기,1183
구성,참여,1172
구성,중심,1155
구성,대표,1149
구성,이상,1125
극장,다양,1672
극장,시작,1663
극장,구성,1475
극장,창작,1413
극장,세계,1401
극장,자신,1375
극장,의미,1351
극장,활동,1351
극장,표현,1317
극장,작업,1284
극장,공간,1273
극장,문화,1230
극장,모습,1220
극장,과정,1210
극장,이야기,1184
극장,참여,1141
극장,주제,1115
다양,시작,2076
다양,구성,1878
다양,세계,1714
다양,의미,1697
다양,표현,1657
다양,자신,1641
다양,과정,1546
다양,참여,1507
다양,모습,1453
다양,공간,1445
다양,이야기,1424
다양,주제,1417
다양,대표,1406
다양,프로그램,1385
다양,중심,1329
다양,장르,1304
다양,사회,1298
다양,이상,1287
다양,현대,1263
다양,삶,1249
다양,경험,1246
다양,방식,1240
다양,단체,1235
다양,중요,1235
다양,기대,1214
다양,변화,1199
다양,예술_감독,1197
다양,시대,1193
다양,기획,1190
다양,인간,1186
다양,예술가,1173
다양,역할,1164
다양,영상,1152
다양,소개,1125
다양,부분,1120
다양,시도,1118
말,시작,1916
말,자신,1763
말,다양,1668
말,의미,1637
말,세계,1527
말,표현,1493
말,구성,1442
말,모습,1439
말,극장,1420
말,활동,1416
말,과정,1412
말,작업,1399
말,이야기,1355
말,창작,1321
말,중요,1278
말,공간,1267
말,문화,1265
말,사회,1223
말,부분,1200
말,방식,1200
말,이상,1185
말,상황,1185
말,삶,1165
말,중심,1154
말,존재,1149
말,시대,1127
말,역할,1126
말,주제,1118
몸,움직임,1713
몸,시작,1676
몸,말,1582
몸,자신,1531
몸,다양,1508
몸,사람,1498
몸,의미,1468
몸,음악,1426
몸,표현,1423
몸,구성,1354
몸,과정,1310
몸,세계,1290
몸,작업,1290
몸,극장,1282
몸,모습,1254
몸,공간,1233
몸,이야기,1176
몸,인간,1154
몸,창작,1151
몸,활동,1148
몸,삶,1143
무대,관객,3097
무대,예술,2919
무대,안무,2902
무대,무용수,2757
무대,다양,2678
무대,한국,2667
무대,무용,2654
무대,시작,2600
무대,안무가,2599
무대,음악,2469
무대,움직임,2438
무대,구성,2357
무대,극장,2338
무대,세계,2224
무대,표현,2202
무대,의미,2196
무대,자신,2179
무대,말,2178
무대,사람,2133
무대,창작,2071
무대,몸,2059
무대,모습,1991
무대,활동,1961
무대,이야기,1911
무대,과정,1851
무대,작업,1827
무대,전통,1812
무대,공간,1773
무대,이상,1738
무대,문화,1734
무대,주제,1680
무대,대표,1673
무대,삶,1637
무대,예술_감독,1626
무대,참여,1618
무대,현대,1612
무대,인간,1599
무대,중심,1553
무대,기대,1528
무대,장면,1499
무대,연출,1495
무대,발레,1479
무대,시대,1479
무대,사회,1478
무대,방식,1460
무대,중요,1460
무대,영상,1448
무대,프로그램,1439
무대,무용단,1426
무대,단체,1418
무대,존재,1413
무대,역할,1413
무대,조명,1410
무대,부분,1408
무대,장르,1397
무대,변화,1395
무대,동작,1391
무대,경험,1387
무대,기획,1372
무대,등장,1363
무대,상황,1340
무대,시도,1315
무대,무용가,1307
무대,출연,1307
무대,마음,1280
무대,관계,1275
무대,예술가,1269
무대,예정,1268
무대,현대_무용,1268
무대,주목,1265
무대,소개,1264
무대,해석,1262
무대,감각,1252
무대,전체,1251
무대,의상,1249
무대,현실,1244
무대,소리,1237
무대,힘,1236
무대,개인,1227
무대,선정,1225
무대,자연,1216
무대,이미지,1201
무대,제작,1200
무대,기회,1200
무대,서울,1196
무대,역사,1191
무대,내용,1190
무대,국내,1182
무대,관심,1180
무대,시각,1174
무대,형식,1157
무대,동시,1152
무대,문제,1149
무대,눈,1138
무대,자유,1137
무대,관람,1136
무대,활용,1135
무대,이해,1127
무대,발전,1124
무대,확장,1123
무대,준비,1121
무대,감정,1120
무용,예술,2827
무용,한국,2372
무용,다양,2246
무용,관객,2155
무용,무용수,2121
무용,안무,2095
무용,안무가,2087
무용,시작,2075
무용,활동,1930
무용,창작,1905
무용,음악,1853
무용,극장,1800
무용,말,1761
무용,세계,1759
무용,구성,1751
무용,움직임,1725
무용,자신,1674
무용,문화,1656
무용,사람,1652
무용,의미,1647
무용,참여,1585
무용,표현,1576
무용,과정,1556
무용,전통,1548
무용,몸,1528
무용,작업,1492
무용,대표,1453
무용,프로그램,1438
무용,단체,1423
무용,무용가,1413
무용,이야기,1412
무용,이상,1371
무용,공간,1367
무용,주제,1364
무용,중심,1343
무용,사회,1343
무용,모습,1331
무용,예술가,1325
무용,중요,1297
무용,예술_감독,1296
무용,무용단,1295
무용,현대,1273
무용,장르,1269
무용,기획,1246
무용,선정,1245
무용,기대,1230
무용,경험,1230
무용,서울,1197
무용,현대_무용,1185
무용,시대,1179
무용,방식,1179
무용,소개,1177
무용,삶,1168
무용,기회,1163
무용,영상,1152
무용,내용,1152
무용,발전,1150
무용,지원,1148
무용,예정,1145
무용,관심,1145
무용,역할,1139
무용,발레,1129
무용,변화,1123
무용,인간,1123
무용수,관객,2289
무용수,안무,2277
무용수,안무가,2216
무용수,움직임,1987
무용수,다양,1974
무용수,한국,1919
무용수,시작,1908
무용수,음악,1799
무용수,자신,1668
무용수,표현,1658
무용수,세계,1657
무용수,구성,1622
무용수,극장,1621
무용수,말,1593
무용수,몸,1590
무용수,의미,1575
무용수,사람,1555
무용수,활동,1548
무용수,창작,1486
무용수,작업,1465
무용수,이야기,1421
무용수,모습,1415
무용수,과정,1412
무용수,발레,1305
무용수,예술_감독,1286
무용수,공간,1281
무용수,이상,1250
무용수,참여,1242
무용수,주제,1234
무용수,문화,1228
무용수,인간,1199
무용수,대표,1186
무용수,무용단,1162
무용수,기대,1160
무용수,삶,1155
무용수,장면,1140
무용수,현대,1138
무용수,전통,1120
문화,다양,1622
문화,시작,1475
문화,활동,1349
문화,세계,1286
문화,구성,1223
문화,의미,1207
문화,참여,1184
문화,대표,1122
문화,자신,1117
사람,시작,1860
사람,말,1846
사람,자신,1704
사람,다양,1651
사람,의미,1539
사람,움직임,1521
사람,음악,1517
사람,모습,1476
사람,세계,1467
사람,표현,1435
사람,활동,1401
사람,이야기,1397
사람,극장,1393
사람,과정,1391
사람,구성,1383
사람,작업,1312
사람,창작,1263
사람,중요,1258
사람,공간,1252
사람,문화,1219
사람,삶,1194
사람,이상,1189
사람,사회,1176
사람,부분,1161
사람,상황,1127
사람,역할,1114
세계,구성,1398
세계,의미,1373
세계,표현,1342
세계,과정,1210
세계,모습,1203
세계,이야기,1195
세계,공간,1131
세계,대표,1129
세계,이상,1124
시작,자신,1810
시작,의미,1761
시작,세계,1735
시작,구성,1723
시작,표현,1637
시작,과정,1572
시작,모습,1563
시작,이야기,1510
시작,공간,1426
시작,참여,1374
시작,중요,1354
시작,중심,1334
시작,이상,1330
시작,주제,1324
시작,대표,1297
시작,사회,1283
시작,삶,1272
시작,역할,1242
시작,방식,1230
시작,시대,1227
시작,프로그램,1226
시작,기대,1207
시작,현대,1204
시작,변화,1201
시작,경험,1198
시작,인간,1191
시작,부분,1185
시작,상황,1181
시작,존재,1166
시작,단체,1165
시작,예술_감독,1130
시작,소개,1121
시작,장르,1116
시작,동작,1111
안무,관객,2320
안무,안무가,2251
안무,다양,2026
안무,움직임,1993
안무,시작,1992
안무,음악,1907
안무,구성,1854
안무,극장,1791
안무,표현,1749
안무,자신,1735
안무,창작,1723
안무,세계,1708
안무,의미,1697
안무,말,1684
안무,몸,1635
안무,사람,1617
안무,작업,1576
안무,활동,1536
안무,모습,1513
안무,이야기,1489
안무,과정,1474
안무,예술_감독,1395
안무,주제,1370
안무,공간,1341
안무,이상,1328
안무,전통,1300
안무,현대,1299
안무,인간,1292
안무,대표,1273
안무,문화,1265
안무,삶,1256
안무,연출,1250
안무,참여,1224
안무,장면,1213
안무,발레,1211
안무,기대,1195
안무,무용단,1185
안무,방식,1173
안무,중심,1160
안무,동작,1157
안무,부분,1151
안무,영상,1151
안무,중요,1147
안무,역할,1134
안무,사회,1128
안무,단체,1127
안무,변화,1119
안무,경험,1114
안무,출연,1112
안무가,다양,1918
안무가,시작,1834
안무가,움직임,1832
안무가,극장,1659
안무가,음악,1652
안무가,세계,1614
안무가,자신,1604
안무가,구성,1572
안무가,창작,1565
안무가,활동,1558
안무가,표현,1530
안무가,말,1518
안무가,몸,1507
안무가,작업,1499
안무가,의미,1488
안무가,사람,1474
안무가,이야기,1396
안무가,과정,1394
안무가,모습,1311
안무가,주제,1275
안무가,공간,1273
안무가,참여,1249
안무가,예술_감독,1234
안무가,문화,1220
안무가,이상,1212
안무가,대표,1178
안무가,프로그램,1164
안무가,현대,1164
안무가,인간,1161
안무가,기대,1136
안무가,발레,1132
안무가,삶,1112
예술,한국,2548
예술,다양,2474
예술,관객,2409
예술,시작,2277
예술,창작,2162
예술,안무,2159
예술,안무가,2103
예술,무용수,2100
예술,활동,2089
예술,음악,2018
예술,문화,1985
예술,말,1961
예술,극장,1957
예술,세계,1949
예술,구성,1940
예술,사람,1861
예술,자신,1855
예술,의미,1854
예술,움직임,1839
예술,과정,1773
예술,참여,1758
예술,전통,1728
예술,표현,1721
예술,몸,1658
예술,작업,1649
예술,공간,1629
예술,대표,1606
예술,프로그램,1588
예술,예술가,1562
예술,사회,1560
예술,이야기,1533
예술,단체,1530
예술,중심,1512
예술,주제,1499
예술,모습,1497
예술,이상,1494
예술,중요,1435
예술,기획,1429
예술,현대,1386
예술,장르,1374
예술,시대,1373
예술,무용가,1353
예술,지원,1350
예술,삶,1347
예술,서울,1339
예술,내용,1339
예술,방식,1337
예술,선정,1335
예술,경험,1333
예술,역할,1329
예술,기대,1316
예술,영상,1293
예술,예술_감독,1291
예술,변화,1281
예술,무용단,1277
예술,소개,1274
예술,인간,1262
예술,상황,1256
예술,관심,1232
예술,발전,1229
예술,부분,1220
예술,국내,1213
예술,개인,1211
예술,예정,1207
예술,존재,1203
예술,시도,1190
예술,기회,1190
예술,발레,1187
예술,대상,1186
예술,제작,1184
예술,역사,1184
예술,문제,1154
예술,관계,1151
예술,지역,1151
예술,현장,1146
예술,축제,1144
예술,현대_무용,1118
움직임,다양,1840
움직임,시작,1788
움직임,음악,1683
움직임,표현,1652
움직임,구성,1630
움직임,자신,1627
움직임,말,1569
움직임,의미,1566
움직임,극장,1471
움직임,세계,1461
움직임,작업,1436
움직임,모습,1403
움직임,과정,1391
움직임,공간,1354
움직임,이야기,1327
움직임,창작,1323
움직임,활동,1292
움직임,인간,1270
움직임,주제,1244
움직임,삶,1195
움직임,장면,1137
움직임,이상,1120
움직임,방식,1116
음악,다양,1816
음악,시작,1802
음악,구성,1628
음악,표현,1573
음악,말,1544
음악,세계,1542
음악,극장,1505
음악,자신,1501
음악,의미,1468
음악,창작,1424
음악,활동,1353
음악,이야기,1340
음악,모습,1340
음악,작업,1289
음악,과정,1283
음악,문화,1248
음악,공간,1245
음악,이상,1189
음악,참여,1161
음악,현대,1160
음악,주제,1145
음악,대표,1137
음악,삶,1131
음악,중심,1117
의미,과정,1384
의미,모습,1374
의미,이야기,1248
의미,주제,1182
의미,삶,1157
의미,중요,1141
의미,사회,1132
의미,방식,1112
의미,중심,1112
이야기,모습,1138
이야기,과정,1129
자신,의미,1562
자신,표현,1516
자신,세계,1479
자신,구성,1423
자신,과정,1420
자신,모습,1419
자신,이야기,1332
자신,공간,1232
자신,삶,1188
자신,중요,1183
자신,사회,1145
자신,이상,1134
자신,방식,1125
자신,존재,1124
자신,부분,1123
자신,인간,1115
작업,시작,1503
작업,다양,1497
작업,자신,1368
작업,의미,1280
작업,구성,1262
작업,과정,1250
작업,활동,1238
작업,세계,1227
작업,공간,1134
작업,표현,1130
작품,무대,3944
작품,예술,3242
작품,관객,3197
작품,안무,3121
작품,무용,2962
작품,무용수,2915
작품,한국,2879
작품,안무가,2873
작품,다양,2832
작품,시작,2708
작품,음악,2549
작품,움직임,2545
작품,구성,2477
작품,극장,2458
작품,창작,2350
작품,표현,2324
작품,세계,2307
작품,자신,2283
작품,의미,2279
작품,말,2247
작품,사람,2201
작품,활동,2175
작품,몸,2118
작품,과정,2006
작품,이야기,2001
작품,모습,1983
작품,작업,1980
작품,문화,1909
작품,공간,1874
작품,이상,1855
작품,전통,1853
작품,주제,1787
작품,참여,1778
작품,대표,1777
작품,현대,1734
작품,예술_감독,1716
작품,삶,1692
작품,인간,1675
작품,프로그램,1626
작품,중심,1625
작품,단체,1617
작품,사회,1609
작품,기대,1595
작품,영상,1556
작품,중요,1553
작품,방식,1553
작품,발레,1546
작품,시대,1516
작품,무용단,1512
작품,장면,1503
작품,연출,1499
작품,경험,1495
작품,기획,1494
작품,장르,1494
작품,부분,1491
작품,예술가,1490
작품,역할,1486
작품,변화,1472
작품,존재,1465
작품,선정,1445
작품,무용가,1439
작품,상황,1433
작품,동작,1414
작품,시도,1410
작품,예정,1381
작품,소개,1381
작품,조명,1373
작품,현대_무용,1365
작품,제작,1364
작품,관계,1354
작품,등장,1351
작품,내용,1350
작품,해석,1335
작품,국내,1333
작품,출연,1331
작품,주목,1322
작품,개인,1320
작품,현실,1318
작품,서울,1305
작품,마음,1295
작품,전체,1293
작품,관심,1287
작품,기회,1280
작품,역사,1270
작품,감각,1267
작품,힘,1262
작품,이미지,1253
작품,문제,1243
작품,발전,1238
작품,자연,1220
작품,시각,1218
작품,소리,1216
작품,활용,1211
작품,자유,1209
작품,이해,1207
작품,축제,1206
작품,형식,1204
작품,의상,1199
작품,준비,1198
작품,확장,1193
작품,동시,1179
작품,지원,1173
작품,해외,1170
작품,집중,1170
작품,눈,1170
작품,초청,1166
작품,관람,1166
작품,흐름,1160
작품,초연,1158
작품,이유,1152
작품,감정,1151
작품,사랑,1149
작품,댄스,1143
작품,신작,1131
작품,노력,1119
작품,대상,1118
작품,형태,1117
전통,다양,1428
전통,시작,1344
전통,구성,1319
전통,음악,1319
전통,창작,1318
전통,문화,1166
전통,의미,1163
전통,극장,1140
전통,세계,1116
전통,말,1112
창작,다양,1720
창작,시작,1577
창작,구성,1494
창작,활동,1485
창작,의미,1365
창작,과정,1314
창작,표현,1310
창작,자신,1303
창작,세계,1283
창작,작업,1278
창작,문화,1267
창작,참여,1204
창작,공간,1138
춤,공연,4549
춤,작품,4023
춤,무대,3791
춤,예술,3438
춤,한국,3105
춤,무용,3091
춤,관객,3015
춤,안무,2937
춤,다양,2827
춤,시작,2788
춤,무용수,2753
춤,안무가,2626
춤,음악,2531
춤,구성,2492
춤,움직임,2457
춤,말,2434
춤,극장,2365
춤,세계,2363
춤,사람,2360
춤,창작,2356
춤,자신,2330
춤,의미,2316
춤,표현,2269
춤,활동,2262
춤,몸,2201
춤,문화,2132
춤,전통,2089
춤,모습,2034
춤,과정,2033
춤,작업,1973
춤,이야기,1920
춤,참여,1887
춤,공간,1883
춤,이상,1829
춤,주제,1807
춤,대표,1804
춤,현대,1734
춤,삶,1727
춤,사회,1727
춤,중심,1725
춤,프로그램,1687
춤,단체,1683
춤,중요,1653
춤,예술_감독,1639
춤,무용가,1603
춤,인간,1602
춤,기대,1593
춤,시대,1592
춤,무용단,1576
춤,기획,1549
춤,방식,1548
춤,역할,1537
춤,부분,1529
춤,변화,1513
춤,동작,1505
춤,영상,1503
춤,내용,1493
춤,경험,1487
춤,예술가,1482
춤,존재,1471
춤,상황,1466
춤,발레,1465
춤,장면,1465
춤,장르,1460
춤,서울,1458
춤,소개,1419
춤,개인,1402
춤,마음,1401
춤,연출,1388
춤,관계,1386
춤,역사,1385
춤,시도,1385
춤,선정,1365
춤,전체,1356
춤,관심,1346
춤,등장,1346
춤,조명,1345
춤,힘,1343
춤,국내,1321
춤,소리,1308
춤,현대_무용,1306
춤,예정,1305
춤,발전,1305
춤,현실,1292
춤,주목,1292
춤,자연,1291
춤,문제,1289
춤,해석,1287
춤,축제,1286
춤,출연,1285
춤,기회,1285
춤,이해,1259
춤,자유,1246
춤,지원,1236
춤,형식,1234
춤,이유,1231
춤,지역,1229
춤,대상,1227
춤,감각,1226
춤,활용,1222
춤,이미지,1222
춤,댄스,1211
춤,동시,1210
춤,시각,1206
춤,현장,1205
춤,눈,1202
춤,흐름,1201
춤,제작,1201
춤,준비,1193
춤,의상,1181
춤,집중,1170
춤,노력,1164
춤,형태,1154
춤,확장,1153
춤,해외,1153
춤,국제,1146
춤,방법,1141
춤,발표,1138
춤,연결,1131
춤,인,1126
춤,마련,1126
춤,초청,1119
춤,이름,1115
춤,행사,1111
표현,의미,1507
표현,모습,1364
표현,이야기,1298
표현,과정,1292
표현,인간,1196
표현,삶,1185
표현,주제,1166
프로그램,참여,1140
한국,다양,2142
한국,관객,2123
한국,시작,2078
한국,안무,2063
한국,안무가,1909
한국,세계,1844
한국,창작,1829
한국,음악,1792
한국,극장,1786
한국,구성,1772
한국,활동,1765
한국,전통,1745
한국,문화,1741
한국,말,1719
한국,의미,1681
한국,사람,1639
한국,움직임,1636
한국,자신,1623
한국,표현,1588
한국,과정,1501
한국,대표,1470
한국,몸,1441
한국,참여,1440
한국,작업,1421
한국,모습,1407
한국,현대,1387
한국,이야기,1351
한국,주제,1339
한국,중심,1334
한국,단체,1330
한국,예술_감독,1327
한국,이상,1318
한국,사회,1305
한국,프로그램,1295
한국,무용가,1287
한국,공간,1281
한국,중요,1272
한국,무용단,1244
한국,기대,1240
한국,기획,1217
한국,삶,1214
한국,시대,1207
한국,서울,1198
한국,소개,1178
한국,역할,1168
한국,발레,1164
한국,예술가,1144
한국,장르,1128
한국,역사,1116
활동,다양,1751
활동,시작,1666
활동,세계,1381
활동,자신,1368
활동,구성,1342
활동,참여,1300
활동,과정,1265
활동,의미,1252
활동,표현,1203
활동,단체,1172
활동,대표,1159
활동,프로그램,1125
활동,이야기,1112